subject,date,paradigm,n_units,gb,aid,ccf,ccf_xyz,n_vis_chans
820454,2025-11-04-14-59-22,sensorimotor,4126,14.3,f8d9deb3-aea1-4dc7-a431-eaaf1234f41d,True,True,317
820454,2025-11-05-15-21-15,standard_oddball,4275,14.4,21988ae7-fce0-41f2-a2af-b6c2ddcd6e52,True,True,338
820454,2025-11-06-16-00-27,sequence,4009,14.2,f5b3a6c5-6353-40bf-99bf-8654459e40d0,True,True,303
820454,2025-11-07-10-54-23,duration,3738,13.6,56125aec-75a4-4b31-a3bf-cbf5843f1513,True,True,328
820459,2025-11-10-15-07-13,sensorimotor,4346,14.6,939c7b32-16fe-4eed-9daa-d5d068719d3f,True,True,370
820459,2025-11-12-14-34-33,sequence,3170,11.5,8ebdc034-5acf-41cc-8a32-759faba6ab0e,True,True,395
830794,2026-01-26-12-02-05,sensorimotor,3966,14.2,0766996b-2afa-4c6f-a381-134c9e380edc,True,True,276
830794,2026-01-27-11-25-31,standard_oddball,3018,11.4,50a50f11-dbf8-482f-bc8f-6629e91c2f06,True,True,325
830794,2026-01-28-11-01-44,sequence,2951,11.3,f30a96cf-3d66-4975-8d43-65138633fb93,True,True,310
830794,2026-01-29-11-12-57,duration,3125,12.8,d8a2fb8e-d542-4c9b-9c71-38942b2049f0,True,True,284
830795,2026-02-23-15-03-59,sensorimotor,3464,13.4,7cd06d90-c19f-46b9-b55c-1f00d504d465,True,True,269
830795,2026-02-24-15-08-59,standard_oddball,2814,12.4,bcd5353c-af8e-4a60-87b6-8b29568d84f5,True,True,283
830795,2026-02-25-16-03-31,sequence,2314,10.3,1811cdd7-c178-4882-b1eb-c9f1a74b1703,True,True,243
830795,2026-02-26-16-01-33,duration,2225,10.1,f8d5d0b7-c168-4b94-a35e-6f31a3263037,True,True,230
830846,2026-03-09-10-32-54,sequence,3550,13.7,03973a42-cf55-476f-80d7-85bc402fa57b,True,True,290
830846,2026-03-10-10-17-25,duration,3834,13.9,77123ffa-5029-4485-a2e5-2eacac954f74,True,True,303
830846,2026-03-11-10-19-32,standard_oddball,3355,13.1,680d1c0c-e338-4d0b-ba29-4329436d2ae2,True,True,320
830846,2026-03-12-11-09-13,sensorimotor,2943,12.6,7b0e4734-f3e6-4733-8318-223a28687ec1,True,True,299
830847,2026-03-09-16-23-49,sequence,3228,13.1,3d958caf-28eb-4cfd-ad81-58921f7f4e76,True,True,300
830847,2026-03-10-16-32-25,duration,3591,13.5,bc2150b9-c9af-43af-a9ea-31f53fd4c89e,True,True,313
830847,2026-03-11-15-46-40,standard_oddball,3518,13.3,156b6e72-c822-471a-be9b-69297f4eda78,True,True,250
830847,2026-03-12-17-14-42,sensorimotor,3001,12.6,84070a17-ae47-4b6d-a7d8-734d8d21dca3,True,True,263
830848,2026-03-02-15-05-26,sequence,3709,13.8,236c72ab-7254-4887-ad31-f53d7d58178e,True,True,298
830848,2026-03-03-14-02-09,duration,3378,13.3,888b9f69-91b1-4f61-8086-f8e8bd8d9dfb,True,True,288
830848,2026-03-04-15-34-54,standard_oddball,3117,12.8,e597fc7d-a8e5-4a1f-833e-4eee1c139e35,True,True,277
830848,2026-03-05-16-07-50,sensorimotor,2570,12.0,2ed970d7-bd28-4329-bb84-b117f34666e1,True,True,234
830849,2026-03-04-10-14-36,sequence,2383,10.5,fe5b6b44-12a6-4f59-a91f-953850564fb0,True,True,241
830849,2026-03-05-10-41-20,duration,2321,10.4,2c0d0e6c-4ae7-4457-b5ae-95fd6bff6539,True,True,250
830849,2026-03-06-10-51-58,standard_oddball,2902,12.5,ce62d153-644b-4da9-b5a7-823353bb7ccb,True,True,248
830849,2026-03-07-09-48-16,sensorimotor,2287,10.3,ab8ec755-2b87-45c3-a29d-dd88955334b8,True,True,293
830851,2026-03-16-10-18-07,sensorimotor,3598,13.4,fc14f27c-4b7d-4332-8562-a4c824f757f3,True,True,327
830851,2026-03-17-10-46-04,standard_oddball,3122,12.8,9b9e8abe-7b43-47f1-b8e1-4114f87898a1,True,True,345
830851,2026-03-18-10-24-59,sequence,3182,12.9,24822bc8-01d9-473f-9eef-615fa01119d9,True,True,287
830851,2026-03-19-10-49-11,duration,2839,12.4,0167df0a-b5f1-45bd-9659-c32ac132d875,True,True,345
830852,2026-02-23-10-31-02,sensorimotor,3622,13.6,a2117740-4bb3-43ba-9f6a-f924e0fe730e,True,True,315
830852,2026-02-24-10-20-58,standard_oddball,2845,12.4,92ea6e6a-7525-4589-bfd3-839a48d27b7c,True,True,271
830852,2026-02-25-10-32-11,sequence,2766,12.4,fd3752b1-4484-4911-a76f-9ff4117d0033,True,True,354
830852,2026-02-26-10-49-56,duration,2612,12.2,1c0dcb79-5ee9-42d1-bed0-a63494f5fceb,True,True,299
832691,2026-03-24-10-04-30,duration,3413,13.2,83f05015-64ee-4822-a968-ff89aa76d774,True,True,251
832691,2026-03-25-10-22-33,standard_oddball,3174,12.8,09d6a6d5-bffc-4069-b966-164c5294e5be,True,True,259
832691,2026-03-26-10-51-37,sensorimotor,2648,12.1,e9d251dc-a14c-4734-b477-7b34c722f9ec,True,True,239
834686,2026-03-23-17-08-31,sequence,3243,13.2,0b7227e9-0c03-46ea-be70-618a73efb67d,True,True,253
834686,2026-03-24-15-41-18,duration,3699,13.9,8dd6fc70-7e57-47b7-83db-948c13673f83,True,True,266
834686,2026-03-25-15-47-48,standard_oddball,3099,12.8,edfcb46c-943c-4ba7-b47f-2d3f24e1cf59,True,True,255
834686,2026-03-26-16-15-13,sensorimotor,3163,12.9,5def47b4-4462-4095-9499-4ba50743ee37,True,True,297
834687,2026-03-16-16-33-30,sequence,3670,13.8,517c02b2-1ebb-4960-85d8-5ae16294b8c2,True,True,313
834687,2026-03-17-16-18-25,duration,3701,13.7,3cbaa2f1-687c-438f-adea-358b4893383f,True,True,326
834687,2026-03-18-15-50-10,standard_oddball,3133,12.7,a7f50043-8883-4c0e-a956-2ff3e0f1b0ef,True,True,280
834691,2026-02-16-11-02-15,sensorimotor,4234,14.4,a61fd29f-3ac8-423b-b337-42cb63b6a312,True,True,311
834691,2026-02-17-10-49-35,standard_oddball,2971,11.2,a909a36b-7f70-4e9f-b95e-7f913e5d724a,True,True,282
848387,2026-05-04-16-19-01,sensorimotor,3428,13.4,47aabdea-219a-4b42-99d2-4b60b0b98d92,True,True,228
848387,2026-05-05-15-55-50,standard_oddball,3129,12.9,fedadbb4-0398-44bd-9678-f0bcc0e52fd3,True,True,280
848387,2026-05-06-15-09-10,sequence,2596,10.9,409f5707-a886-46d7-b392-578b55fa8517,True,True,252
848387,2026-05-07-15-46-10,duration,3378,13.2,d591f984-d9b1-4d13-ad4f-10880ef62aa8,True,True,314
848390,2026-05-04-10-22-33,sensorimotor,4318,14.4,ca2adad7-2212-4915-a4d4-f3b869fa6da2,True,True,246
848390,2026-05-05-10-08-25,standard_oddball,3605,13.5,81807807-957a-40bf-9b81-52a8d560c8e6,True,True,296
848390,2026-05-06-09-54-56,sequence,3305,13.3,fbfc5171-af65-408e-bfec-d72d9f7f0c4a,True,True,285
848390,2026-05-07-10-22-45,duration,3139,12.8,d314e00a-b97a-48fc-98ee-81506fee0db8,True,True,257
