modality,area,subject,dvi,n_units
ecephys,VISp,830846,0.3606166633932488,157
ecephys,VISp,830848,0.5549050061942975,72
ecephys,VISp,830851,0.3715619269878313,55
ecephys,VISl,830848,0.4817379841795224,72
ecephys,VISl,830851,0.3311390585369216,90
mesoscope,VISp,837568,0.06273969106088657,520
mesoscope,VISp,839909,0.17328729260669393,433
mesoscope,VISp,845342,0.36655536655034826,130
mesoscope,VISp,853137,0.15270190343849843,469
mesoscope,VISl,837568,0.017915185423380206,544
mesoscope,VISl,839909,0.09245907491422448,351
mesoscope,VISl,845342,0.2870462718624923,84
mesoscope,VISl,853137,-0.14335805698922743,303
