level,modality,subset,n,n_mice,TPI,OI,DvI,index,sat,raw,balanced,draw_lo,draw_hi,mouse_lo,mouse_hi,mice_pos,mice_nonzero,sign_p
1,ecephys,asymmetric (current),675,3,-0.055985598559856235,0.11459878815609452,0.34185255388323305,—,,,,,,,,,,
1,ecephys,matched (excitatory-only),507,3,-0.11647283457733021,0.03207903646945168,0.3665305777082056,—,,,,,,,,,,
1,mesoscope,asymmetric (current),22488,10,-0.6904712942717509,-0.40706111326466066,0.18050671425167786,—,,,,,,,,,,
1,mesoscope,matched (excitatory-only),22488,10,-0.6904712942717509,-0.40706111326466066,0.18050671425167786,—,,,,,,,,,,
1,slap2,asymmetric (current),133,3,-0.46593680031593887,-0.46593680031593887,,—,,,,,,,,,,
1,slap2,matched (excitatory-only),133,3,-0.46593680031593887,-0.46593680031593887,,—,,,,,,,,,,
2,ecephys,all excitatory,507,3,-0.11647283457733021,0.03207903646945168,0.3665305777082056,—,0.41025641025641024,,,,,,,,,
2,ecephys,top 75%,381,3,-0.12438625204582651,-0.04063429137760162,0.38356267842847014,—,0.3989501312335958,,,,,,,,,
2,ecephys,top 50%,254,3,-0.24273203060014817,-0.09610717360623128,0.385369621918996,—,0.4015748031496063,,,,,,,,,
2,ecephys,top 25%,127,3,-0.19171564511614908,-0.13884097968652293,0.35833872242581016,—,0.33070866141732286,,,,,,,,,
2,mesoscope,reference (all responsive),22488,10,-0.6904712942717509,-0.40706111326466066,0.18050671425167786,—,0.5345072927783707,,,,,,,,,
3,ecephys,,558,3,,,,OI,,0.11459878815609452,0.1448822599633227,0.10277383151015765,0.21760011634080623,0.01770477378727137,0.25920473923756976,2.0,3.0,1.0
3,mesoscope,,14508,10,,,,OI,,-0.40706111326466066,0.21409438130685432,0.19619160643790953,0.23219517876231952,0.08683569418916129,0.29545376457404343,7.0,10.0,0.34375
3,slap2,,96,3,,,,OI,,-0.46593680031593887,-0.12019820058725272,-0.15124754245254912,-0.09013988084114502,-0.1972655930873583,0.10668509445406628,1.0,3.0,1.0
3,ecephys,,558,3,,,,DvI,,0.34185255388323305,0.32804986560290583,0.29668426728906394,0.37017527720644894,0.23522468255297513,0.4587634810922737,3.0,3.0,0.25
3,mesoscope,,14508,10,,,,DvI,,0.18050671425167786,0.1854248231408202,0.1767848606211075,0.1980470890425698,0.11038013391555368,0.26868834116781143,10.0,10.0,0.001953125
