uid,subject,date,area,probe,depth_um,fwhm,r2,plane,plane_depth_um,roi,cx_um,cy_um,dmd,cx_px,cy_px
NP·830851·2026-03-17·VISl5·prD·d2561·u1865,830851,2026-03-17,VISl5,ProbeD,2561.34,22.523481261264013,0.9462108719037193,,,,,,,,
NP·830851·2026-03-17·VISp6a·prC·d2602·u1163,830851,2026-03-17,VISp6a,ProbeC,2602.18,23.433137777329875,0.9205792920491415,,,,,,,,
NP·830851·2026-03-17·VISl5·prD·d2582·u1881,830851,2026-03-17,VISl5,ProbeD,2582.41,27.824975572568757,0.9157944743384812,,,,,,,,
NP·830851·2026-03-17·VISp2/3·prC·d3187·u1260,830851,2026-03-17,VISp2/3,ProbeC,3186.77,20.003217434409756,0.9132067485537293,,,,,,,,
NP·830851·2026-03-17·VISl6a·prD·d2436·u1847,830851,2026-03-17,VISl6a,ProbeD,2436.44,23.922601832538714,0.9123756304880409,,,,,,,,
NP·830851·2026-03-17·VISl5·prD·d2670·u1899,830851,2026-03-17,VISl5,ProbeD,2670.44,32.05953187205647,0.8788574669896155,,,,,,,,
"MS·832700·2026-01-31·VISp·167µm·roi138·(83,139)µm",832700,2026-01-31,VISp,,,20.188790897659064,0.7919052811862822,VISp_0,167.0,138.0,83.0,139.0,,,
"MS·832700·2026-01-31·VISl·150µm·roi308·(375,326)µm",832700,2026-01-31,VISl,,,39.46942168913086,0.7772989123373073,VISl_4,150.0,308.0,375.0,326.0,,,
"MS·832700·2026-01-31·VISl·150µm·roi50·(147,62)µm",832700,2026-01-31,VISl,,,23.704082331305695,0.7708958092028286,VISl_4,150.0,50.0,147.0,62.0,,,
"MS·832700·2026-01-31·VISl·150µm·roi334·(105,353)µm",832700,2026-01-31,VISl,,,23.00133526707301,0.7693554810477221,VISl_4,150.0,334.0,105.0,353.0,,,
"MS·832700·2026-01-31·VISp·167µm·roi52·(360,57)µm",832700,2026-01-31,VISp,,,21.24999901176759,0.7690658819061469,VISp_0,167.0,52.0,360.0,57.0,,,
"MS·832700·2026-01-31·VISl·150µm·roi291·(84,305)µm",832700,2026-01-31,VISl,,,21.642709561574478,0.7664890971049828,VISl_4,150.0,291.0,84.0,305.0,,,
"SL·796630·2025-10-01·DMD1·roi51·(88,700)px",796630,2025-10-01,dendrite,,,9.79704024085802,0.8096602015043957,,,51.0,,,DMD1,88.0,700.0
"SL·796630·2025-10-01·DMD1·roi9·(257,325)px",796630,2025-10-01,dendrite,,,19.879113181775153,0.7689593419321076,,,9.0,,,DMD1,257.0,325.0
"SL·796630·2025-10-01·DMD1·roi50·(253,329)px",796630,2025-10-01,dendrite,,,16.73019540272826,0.7408120125255936,,,50.0,,,DMD1,253.0,329.0
"SL·796630·2025-10-01·DMD1·roi7·(105,694)px",796630,2025-10-01,dendrite,,,15.482995758801827,0.6789312003385425,,,7.0,,,DMD1,105.0,694.0
"SL·796630·2025-10-01·DMD1·roi1·(144,261)px",796630,2025-10-01,dendrite,,,7.118394743712013,0.6093491739323358,,,1.0,,,DMD1,144.0,261.0
"SL·796630·2025-10-01·DMD1·roi21·(130,472)px",796630,2025-10-01,dendrite,,,10.00164002329273,0.5591448971319024,,,21.0,,,DMD1,130.0,472.0
