hex,probe,area,tip_um,zebra_bestθ,gabor_sig,rmax,unit_name,my_id
39e51e22,prC,LGd-co,381,0°,90°,0.637,39e51e22-b631-490d-9017-276a12386a5a,NP·830794·2026-01-26·LGd-co·prC·d381·u39e51e22
abb8e295,prD,LGv,114,0°,90°,0.633,abb8e295-ee24-4ae0-b8fe-d0929a8a7897,NP·830794·2026-01-26·LGv·prD·d114·uabb8e295
f4e75445,prD,LGv,273,0°,90°,0.587,f4e75445-767a-429e-ae19-c7d993efd1b4,NP·830794·2026-01-26·LGv·prD·d273·uf4e75445
08ec65d2,prD,LGv,315,162°,0°,0.535,08ec65d2-2974-41f9-b3c4-b2eb3b0aedab,NP·830794·2026-01-26·LGv·prD·d315·u08ec65d2
bfcdaaa2,prC,LGd-co,383,0°,90°,0.516,bfcdaaa2-4e26-401f-92b7-6945322a74c6,NP·830794·2026-01-26·LGd-co·prC·d383·ubfcdaaa2
444da816,prD,LGv,210,18°,45°,0.515,444da816-841a-4001-9b2f-18a66095057f,NP·830794·2026-01-26·LGv·prD·d210·u444da816
6e34faa3,prC,LGd-co,400,0°,90°,0.505,6e34faa3-8451-457c-b182-2173036128dd,NP·830794·2026-01-26·LGd-co·prC·d400·u6e34faa3
656a9b39,prC,LGd-ip,564,162°,45°,0.5,656a9b39-ff92-455c-95a5-95e7424b19c1,NP·830794·2026-01-26·LGd-ip·prC·d564·u656a9b39
e8377ab6,prD,LGv,241,162°,0°,0.5,e8377ab6-23e1-41e9-a153-3b556115d042,NP·830794·2026-01-26·LGv·prD·d241·ue8377ab6
5a003096,prC,LGd-ip,689,162°,45°,0.489,5a003096-8556-45b9-9361-c464a741762a,NP·830794·2026-01-26·LGd-ip·prC·d689·u5a003096
